{"BoyOrGirl":0,"MusicVolume":0.437740355730057,"SoundVolume":0.598160624504089,"ThemeIndex":1,"ItemCount":50,"GoldCup":98836,"SilverCup":97797,"BronzeCup":98209}