{"BoyOrGirl":0,"MusicVolume":0.556652069091797,"SoundVolume":0.564605414867401,"ThemeIndex":2,"ItemCount":50,"GoldCup":98836,"SilverCup":97797,"BronzeCup":98209}