{"BoyOrGirl":0,"MusicVolume":0.699825882911682,"SoundVolume":0.459696888923645,"ThemeIndex":2,"ItemCount":50,"GoldCup":97362,"SilverCup":96829,"BronzeCup":96720}