{"BoyOrGirl":0,"MusicVolume":0.604881167411804,"SoundVolume":0.730318784713745,"ThemeIndex":2,"ItemCount":50,"GoldCup":98022,"SilverCup":96901,"BronzeCup":97277}