{"BoyOrGirl":0,"MusicVolume":0.776953995227814,"SoundVolume":0.502200305461884,"ThemeIndex":2,"ItemCount":50,"GoldCup":99852,"SilverCup":98219,"BronzeCup":98425}