{"BoyOrGirl":0,"MusicVolume":0.269341588020325,"SoundVolume":0.598160624504089,"ThemeIndex":2,"ItemCount":50,"GoldCup":98836,"SilverCup":97797,"BronzeCup":98209}