{"BoyOrGirl":1,"MusicVolume":0.696252882480621,"SoundVolume":0.500759243965149,"ThemeIndex":2,"ItemCount":50,"GoldCup":97497,"SilverCup":96829,"BronzeCup":96906}