{"BoyOrGirl":0,"MusicVolume":0.337356865406036,"SoundVolume":0.420252621173859,"ThemeIndex":2,"ItemCount":50,"GoldCup":98629,"SilverCup":97689,"BronzeCup":98142}