{"BoyOrGirl":0,"MusicVolume":0.594770491123199,"SoundVolume":0.745498955249786,"ThemeIndex":1,"ItemCount":50,"GoldCup":97342,"SilverCup":96671,"BronzeCup":97569}