{"BoyOrGirl":1,"MusicVolume":0.776953995227814,"SoundVolume":0.502200305461884,"ThemeIndex":1,"ItemCount":50,"GoldCup":99547,"SilverCup":97992,"BronzeCup":98290}