{"BoyOrGirl":0,"MusicVolume":0.565700471401215,"SoundVolume":0.508466303348541,"ThemeIndex":2,"ItemCount":50,"GoldCup":98178,"SilverCup":97077,"BronzeCup":97425}