{"BoyOrGirl":1,"MusicVolume":0.776953995227814,"SoundVolume":0.502200305461884,"ThemeIndex":2,"ItemCount":50,"GoldCup":99999,"SilverCup":98809,"BronzeCup":98682}